<?xml version="1.0" encoding="UTF-8"?>
	<Configuration status = "info">
        <Properties>
			<property name="LOG_DIR">logs</property>
			<property name="ARCHIVE_LOG_DIR">${LOG_DIR}/archive</property>
			<property name="pattern">%d{yyyy-MM-dd HH:mm:ss} [%t] %-5level %logger{5} - %msg%n</property>
			<property name="pattern_0">%d{HH:mm:ss} %-5level %logger{1} - %msg%n</property>
		</Properties>
	<ThresholdFilter level="trace"/>
		<Appenders>
			<Console name="Console" target="SYSTEM_OUT">
				<PatternLayout pattern="${pattern_0}"/>
			</Console>

			<RollingFile name="File" fileName="logs/application.log" append="true"
						 filePattern = "logs/${date:yyyy-MM-dd}/%d{yyyy-MM-dd_HH-mm}_%i.log">
				<PatternLayout pattern="${pattern}"/>
				<Policies>

					<SizeBasedTriggeringPolicy size="40 KB"/>
				</Policies>
				<DefaultRolloverStrategy max="10"/>
			</RollingFile>
		</Appenders>
		
		<Loggers>

			<Root level = "info" >
                <Appender-ref ref = "File" level = "trace" />
				<Appender-ref ref="Console" level = "trace"/>
			</Root>
		</Loggers>
	</Configuration>